{
    "explanations": {
        "kernel_shap": {
            "no": {
                "expected_value": 6.342371406879866,
                "global_shap_values": {
                    "age": 0.6223993283476527,
                    "campaign": 0.24105459630546833,
                    "cons.conf.idx": 0.5309519669865264,
                    "cons.price.idx": 0.32524086655590595,
                    "contact": 0.2853359329549273,
                    "day_of_week": 0.3529027703672971,
                    "default": 0.23013131378447252,
                    "duration": 4.68029791558187,
                    "education": 0.18987808795981687,
                    "emp.var.rate": 1.3609818602341701,
                    "euribor3m": 0.8752092509564489,
                    "housing": 0.09733984022746274,
                    "job": 0.2952580285454933,
                    "loan": 0.08676367266025786,
                    "marital": 0.10139182444719531,
                    "month": 0.24783608479209926,
                    "nr.employed": 0.6037068976118968,
                    "pdays": 1.1365990461859545,
                    "poutcome": 0.06895575634528642,
                    "previous": 0.03671248384059577
                }
            },
            "yes": {
                "expected_value": -6.342371406879866,
                "global_shap_values": {
                    "age": 0.6223993283476524,
                    "campaign": 0.24105459630546833,
                    "cons.conf.idx": 0.5309519669865262,
                    "cons.price.idx": 0.325240866555906,
                    "contact": 0.28533593295492743,
                    "day_of_week": 0.3529027703672973,
                    "default": 0.2301313137844726,
                    "duration": 4.680297915581869,
                    "education": 0.18987808795981675,
                    "emp.var.rate": 1.36098186023417,
                    "euribor3m": 0.8752092509564487,
                    "housing": 0.09733984022746278,
                    "job": 0.2952580285454932,
                    "loan": 0.08676367266025788,
                    "marital": 0.10139182444719531,
                    "month": 0.2478360847920992,
                    "nr.employed": 0.6037068976118966,
                    "pdays": 1.1365990461859545,
                    "poutcome": 0.06895575634528642,
                    "previous": 0.03671248384059576
                }
            }
        }
    },
    "version": "1.0"
}